graph_id,src_id,dst_id,label,train_mask,val_mask,test_mask
0,91,161,0,True,False,False
0,161,91,0,True,False,False
0,91,68,0,True,False,False
0,68,91,0,True,False,False
0,50,91,0,True,False,False
0,91,50,0,True,False,False
0,139,91,0,True,False,False
0,91,139,0,True,False,False
0,91,216,0,True,False,False
0,216,91,0,True,False,False
0,46,89,0,True,False,False
0,89,46,0,True,False,False
0,22,46,0,True,False,False
0,46,22,0,True,False,False
0,46,24,0,True,False,False
0,24,46,0,True,False,False
0,137,46,0,True,False,False
0,46,137,0,True,False,False
0,46,169,0,True,False,False
0,169,46,0,True,False,False
0,207,19,0,True,False,False
0,19,207,0,True,False,False
0,19,98,0,True,False,False
0,98,19,0,True,False,False
0,19,109,0,True,False,False
0,109,19,0,True,False,False
0,22,19,0,True,False,False
0,19,22,0,True,False,False
0,19,8,0,True,False,False
0,8,19,0,True,False,False
0,37,19,0,True,False,False
0,19,37,0,True,False,False
0,11,118,0,True,False,False
0,118,11,0,True,False,False
0,137,118,0,True,False,False
0,118,137,0,True,False,False
0,131,174,0,True,False,False
0,174,131,0,True,False,False
0,139,174,0,True,False,False
0,174,139,0,True,False,False
0,175,174,0,True,False,False
0,174,175,0,True,False,False
0,174,216,0,True,False,False
0,216,174,0,True,False,False
0,69,174,0,True,False,False
0,174,69,0,True,False,False
0,63,15,0,True,False,False
0,15,63,0,True,False,False
0,209,63,0,True,False,False
0,63,209,0,True,False,False
0,11,63,0,True,False,False
0,63,11,0,True,False,False
0,16,63,0,True,False,False
0,63,16,0,True,False,False
0,63,117,0,True,False,False
0,117,63,0,True,False,False
0,163,122,0,True,False,False
0,122,163,0,True,False,False
0,122,223,0,True,False,False
0,223,122,0,True,False,False
0,109,122,0,True,False,False
0,122,109,0,True,False,False
0,122,56,0,True,False,False
0,56,122,0,True,False,False
0,22,122,0,True,False,False
0,122,22,0,True,False,False
0,122,1,0,True,False,False
0,1,122,0,True,False,False
0,103,122,0,True,False,False
0,122,103,0,True,False,False
0,89,31,0,True,False,False
0,31,89,0,True,False,False
0,89,133,0,True,False,False
0,133,89,0,True,False,False
0,22,89,0,True,False,False
0,89,22,0,True,False,False
0,89,145,0,True,False,False
0,145,89,0,True,False,False
0,24,89,0,True,False,False
0,89,24,0,True,False,False
0,89,218,0,True,False,False
0,218,89,0,True,False,False
0,89,189,0,True,False,False
0,189,89,0,True,False,False
0,89,217,0,True,False,False
0,217,89,0,True,False,False
0,157,161,0,True,False,False
0,161,157,0,True,False,False
0,64,157,0,True,False,False
0,157,64,0,True,False,False
0,139,157,0,True,False,False
0,157,139,0,True,False,False
0,175,157,0,True,False,False
0,157,175,0,True,False,False
0,157,66,0,True,False,False
0,66,157,0,True,False,False
0,147,161,0,True,False,False
0,161,147,0,True,False,False
0,147,68,0,True,False,False
0,68,147,0,True,False,False
0,147,156,0,True,False,False
0,156,147,0,True,False,False
0,147,79,0,True,False,False
0,79,147,0,True,False,False
0,60,147,0,True,False,False
0,147,60,0,True,False,False
0,76,28,0,True,False,False
0,28,76,0,True,False,False
0,50,28,0,True,False,False
0,28,50,0,True,False,False
0,131,28,0,True,False,False
0,28,131,0,True,False,False
0,67,28,0,True,False,False
0,28,67,0,True,False,False
0,28,216,0,True,False,False
0,216,28,0,True,False,False
0,207,152,0,True,False,False
0,152,207,0,True,False,False
0,152,130,0,True,False,False
0,130,152,0,True,False,False
0,87,171,0,True,False,False
0,171,87,0,True,False,False
0,87,156,0,True,False,False
0,156,87,0,True,False,False
0,87,102,0,True,False,False
0,102,87,0,True,False,False
0,87,158,0,True,False,False
0,158,87,0,True,False,False
0,87,90,0,True,False,False
0,90,87,0,True,False,False
0,60,87,0,True,False,False
0,87,60,0,True,False,False
0,214,56,0,True,False,False
0,56,214,0,True,False,False
0,56,223,0,True,False,False
0,223,56,0,True,False,False
0,22,56,0,True,False,False
0,56,22,0,True,False,False
0,103,56,0,True,False,False
0,56,103,0,True,False,False
0,62,68,0,True,False,False
0,68,62,0,True,False,False
0,50,62,0,True,False,False
0,62,50,0,True,False,False
0,62,196,0,True,False,False
0,196,62,0,True,False,False
0,67,62,0,True,False,False
0,62,67,0,True,False,False
0,81,62,0,True,False,False
0,62,81,0,True,False,False
0,214,211,0,True,False,False
0,211,214,0,True,False,False
0,22,214,0,True,False,False
0,214,22,0,True,False,False
0,214,167,0,True,False,False
0,167,214,0,True,False,False
0,44,214,0,True,False,False
0,214,44,0,True,False,False
0,20,24,0,True,False,False
0,24,20,0,True,False,False
0,22,24,0,True,False,False
0,24,22,0,True,False,False
0,24,145,0,True,False,False
0,145,24,0,True,False,False
0,137,24,0,True,False,False
0,24,137,0,True,False,False
0,206,24,0,True,False,False
0,24,206,0,True,False,False
0,96,132,0,True,False,False
0,132,96,0,True,False,False
0,44,96,0,True,False,False
0,96,44,0,True,False,False
0,10,78,0,True,False,False
0,78,10,0,True,False,False
0,21,78,0,True,False,False
0,78,21,0,True,False,False
0,78,101,0,True,False,False
0,101,78,0,True,False,False
0,22,78,0,True,False,False
0,78,22,0,True,False,False
0,78,145,0,True,False,False
0,145,78,0,True,False,False
0,78,218,0,True,False,False
0,218,78,0,True,False,False
0,78,217,0,True,False,False
0,217,78,0,True,False,False
0,78,106,0,True,False,False
0,106,78,0,True,False,False
0,206,78,0,True,False,False
0,78,206,0,True,False,False
0,12,151,0,True,False,False
0,151,12,0,True,False,False
0,12,15,0,True,False,False
0,15,12,0,True,False,False
0,209,12,0,True,False,False
0,12,209,0,True,False,False
0,12,128,0,True,False,False
0,128,12,0,True,False,False
0,160,12,0,True,False,False
0,12,160,0,True,False,False
0,169,199,0,True,False,False
0,199,169,0,True,False,False
0,169,133,0,True,False,False
0,133,169,0,True,False,False
0,22,169,0,True,False,False
0,169,22,0,True,False,False
0,154,169,0,True,False,False
0,169,154,0,True,False,False
0,22,133,0,True,False,False
0,133,22,0,True,False,False
0,133,179,0,True,False,False
0,179,133,0,True,False,False
0,133,191,0,True,False,False
0,191,133,0,True,False,False
0,133,218,0,True,False,False
0,218,133,0,True,False,False
0,133,217,0,True,False,False
0,217,133,0,True,False,False
0,217,98,0,True,False,False
0,98,217,0,True,False,False
0,217,223,0,True,False,False
0,223,217,0,True,False,False
0,21,217,0,True,False,False
0,217,21,0,True,False,False
0,211,217,0,True,False,False
0,217,211,0,True,False,False
0,22,217,0,True,False,False
0,217,22,0,True,False,False
0,145,217,0,True,False,False
0,217,145,0,True,False,False
0,217,1,0,True,False,False
0,1,217,0,True,False,False
0,217,191,0,True,False,False
0,191,217,0,True,False,False
0,217,218,0,True,False,False
0,218,217,0,True,False,False
0,217,8,0,True,False,False
0,8,217,0,True,False,False
0,217,212,0,True,False,False
0,212,217,0,True,False,False
0,211,223,0,True,False,False
0,223,211,0,True,False,False
0,22,211,0,True,False,False
0,211,22,0,True,False,False
0,211,218,0,True,False,False
0,218,211,0,True,False,False
0,211,107,0,True,False,False
0,107,211,0,True,False,False
0,211,212,0,True,False,False
0,212,211,0,True,False,False
0,184,34,0,True,False,False
0,34,184,0,True,False,False
0,37,184,0,True,False,False
0,184,37,0,True,False,False
0,168,216,0,True,False,False
0,216,168,0,True,False,False
0,162,216,0,True,False,False
0,216,162,0,True,False,False
0,30,117,0,True,False,False
0,117,30,0,True,False,False
0,14,117,0,True,False,False
0,117,14,0,True,False,False
0,117,82,0,True,False,False
0,82,117,0,True,False,False
0,73,117,0,True,False,False
0,117,73,0,True,False,False
0,73,151,0,True,False,False
0,151,73,0,True,False,False
0,64,73,0,True,False,False
0,73,64,0,True,False,False
0,209,73,0,True,False,False
0,73,209,0,True,False,False
0,73,66,0,True,False,False
0,66,73,0,True,False,False
0,10,21,0,True,False,False
0,21,10,0,True,False,False
0,21,101,0,True,False,False
0,101,21,0,True,False,False
0,22,21,0,True,False,False
0,21,22,0,True,False,False
0,21,218,0,True,False,False
0,218,21,0,True,False,False
0,88,199,0,True,False,False
0,199,88,0,True,False,False
0,22,199,0,True,False,False
0,199,22,0,True,False,False
0,199,167,0,True,False,False
0,167,199,0,True,False,False
0,199,191,0,True,False,False
0,191,199,0,True,False,False
0,9,82,0,True,False,False
0,82,9,0,True,False,False
0,154,9,0,True,False,False
0,9,154,0,True,False,False
0,148,132,0,True,False,False
0,132,148,0,True,False,False
0,204,148,0,True,False,False
0,148,204,0,True,False,False
0,148,79,0,True,False,False
0,79,148,0,True,False,False
0,148,102,0,True,False,False
0,102,148,0,True,False,False
0,60,148,0,True,False,False
0,148,60,0,True,False,False
0,22,167,0,True,False,False
0,167,22,0,True,False,False
0,0,167,0,True,False,False
0,167,0,0,True,False,False
0,167,212,0,True,False,False
0,212,167,0,True,False,False
0,103,158,0,True,False,False
0,158,103,0,True,False,False
0,145,31,0,True,False,False
0,31,145,0,True,False,False
0,22,145,0,True,False,False
0,145,22,0,True,False,False
0,145,218,0,True,False,False
0,218,145,0,True,False,False
0,145,106,0,True,False,False
0,106,145,0,True,False,False
0,206,145,0,True,False,False
0,145,206,0,True,False,False
0,161,54,0,True,False,False
0,54,161,0,True,False,False
0,168,161,0,True,False,False
0,161,168,0,True,False,False
0,191,85,0,True,False,False
0,85,191,0,True,False,False
0,22,191,0,True,False,False
0,191,22,0,True,False,False
0,191,218,0,True,False,False
0,218,191,0,True,False,False
0,191,212,0,True,False,False
0,212,191,0,True,False,False
0,207,109,0,True,False,False
0,109,207,0,True,False,False
0,163,109,0,True,False,False
0,109,163,0,True,False,False
0,109,98,0,True,False,False
0,98,109,0,True,False,False
0,22,109,0,True,False,False
0,109,22,0,True,False,False
0,109,1,0,True,False,False
0,1,109,0,True,False,False
0,163,203,0,True,False,False
0,203,163,0,True,False,False
0,203,188,0,True,False,False
0,188,203,0,True,False,False
0,156,153,0,True,False,False
0,153,156,0,True,False,False
0,156,192,0,True,False,False
0,192,156,0,True,False,False
0,156,93,0,True,False,False
0,93,156,0,True,False,False
0,218,101,0,True,False,False
0,101,218,0,True,False,False
0,101,106,0,True,False,False
0,106,101,0,True,False,False
0,27,132,0,True,False,False
0,132,27,0,True,False,False
0,204,27,0,True,False,False
0,27,204,0,True,False,False
0,58,27,0,True,False,False
0,27,58,0,True,False,False
0,27,112,0,True,False,False
0,112,27,0,True,False,False
0,27,3,0,True,False,False
0,3,27,0,True,False,False
0,27,35,0,True,False,False
0,35,27,0,True,False,False
0,178,185,0,True,False,False
0,185,178,0,True,False,False
0,185,164,0,True,False,False
0,164,185,0,True,False,False
0,185,114,0,True,False,False
0,114,185,0,True,False,False
0,185,80,0,True,False,False
0,80,185,0,True,False,False
0,218,31,0,True,False,False
0,31,218,0,True,False,False
0,31,189,0,True,False,False
0,189,31,0,True,False,False
0,31,106,0,True,False,False
0,106,31,0,True,False,False
0,132,210,0,True,False,False
0,210,132,0,True,False,False
0,132,84,0,True,False,False
0,84,132,0,True,False,False
0,132,2,0,True,False,False
0,2,132,0,True,False,False
0,151,82,0,True,False,False
0,82,151,0,True,False,False
0,15,82,0,True,False,False
0,82,15,0,True,False,False
0,82,213,0,True,False,False
0,213,82,0,True,False,False
0,58,82,0,True,False,False
0,82,58,0,True,False,False
0,218,134,0,True,False,False
0,134,218,0,True,False,False
0,98,218,0,True,False,False
0,218,98,0,True,False,False
0,218,74,0,True,False,False
0,74,218,0,True,False,False
0,223,218,0,True,False,False
0,218,223,0,True,False,False
0,218,111,0,True,False,False
0,111,218,0,True,False,False
0,218,141,0,True,False,False
0,141,218,0,True,False,False
0,218,85,0,True,False,False
0,85,218,0,True,False,False
0,218,194,0,True,False,False
0,194,218,0,True,False,False
0,218,179,0,True,False,False
0,179,218,0,True,False,False
0,1,218,0,True,False,False
0,218,1,0,True,False,False
0,218,189,0,True,False,False
0,189,218,0,True,False,False
0,8,218,0,True,False,False
0,218,8,0,True,False,False
0,218,106,0,True,False,False
0,106,218,0,True,False,False
0,218,107,0,True,False,False
0,107,218,0,True,False,False
0,212,218,0,True,False,False
0,218,212,0,True,False,False
0,179,85,0,True,False,False
0,85,179,0,True,False,False
0,189,179,0,True,False,False
0,179,189,0,True,False,False
0,194,134,0,True,False,False
0,134,194,0,True,False,False
0,223,194,0,True,False,False
0,194,223,0,True,False,False
0,107,194,0,True,False,False
0,194,107,0,True,False,False
0,162,171,0,True,False,False
0,171,162,0,True,False,False
0,171,188,0,True,False,False
0,188,171,0,True,False,False
0,171,176,0,True,False,False
0,176,171,0,True,False,False
0,171,192,0,True,False,False
0,192,171,0,True,False,False
0,223,134,0,True,False,False
0,134,223,0,True,False,False
0,22,223,0,True,False,False
0,223,22,0,True,False,False
0,223,1,0,True,False,False
0,1,223,0,True,False,False
0,34,45,0,True,False,False
0,45,34,0,True,False,False
0,178,45,0,True,False,False
0,45,178,0,True,False,False
0,45,196,0,True,False,False
0,196,45,0,True,False,False
0,45,164,0,True,False,False
0,164,45,0,True,False,False
0,81,45,0,True,False,False
0,45,81,0,True,False,False
0,51,13,0,True,False,False
0,13,51,0,True,False,False
0,13,128,0,True,False,False
0,128,13,0,True,False,False
0,13,116,0,True,False,False
0,116,13,0,True,False,False
0,160,13,0,True,False,False
0,13,160,0,True,False,False
0,128,43,0,True,False,False
0,43,128,0,True,False,False
0,128,138,0,True,False,False
0,138,128,0,True,False,False
0,30,58,0,True,False,False
0,58,30,0,True,False,False
0,58,165,0,True,False,False
0,165,58,0,True,False,False
0,58,100,0,True,False,False
0,100,58,0,True,False,False
0,58,40,0,True,False,False
0,40,58,0,True,False,False
0,102,210,0,True,False,False
0,210,102,0,True,False,False
0,102,153,0,True,False,False
0,153,102,0,True,False,False
0,102,149,0,True,False,False
0,149,102,0,True,False,False
0,30,66,0,True,False,False
0,66,30,0,True,False,False
0,66,54,0,True,False,False
0,54,66,0,True,False,False
0,66,165,0,True,False,False
0,165,66,0,True,False,False
0,34,95,0,True,False,False
0,95,34,0,True,False,False
0,34,42,0,True,False,False
0,42,34,0,True,False,False
0,34,176,0,True,False,False
0,176,34,0,True,False,False
0,61,34,0,True,False,False
0,34,61,0,True,False,False
0,36,25,0,True,False,False
0,25,36,0,True,False,False
0,25,15,0,True,False,False
0,15,25,0,True,False,False
0,16,25,0,True,False,False
0,25,16,0,True,False,False
0,25,116,0,True,False,False
0,116,25,0,True,False,False
0,160,25,0,True,False,False
0,25,160,0,True,False,False
0,204,54,0,True,False,False
0,54,204,0,True,False,False
0,54,79,0,True,False,False
0,79,54,0,True,False,False
0,54,3,0,True,False,False
0,3,54,0,True,False,False
0,98,74,0,True,False,False
0,74,98,0,True,False,False
0,98,141,0,True,False,False
0,141,98,0,True,False,False
0,22,98,0,True,False,False
0,98,22,0,True,False,False
0,1,98,0,True,False,False
0,98,1,0,True,False,False
0,98,8,0,True,False,False
0,8,98,0,True,False,False
0,162,68,0,True,False,False
0,68,162,0,True,False,False
0,68,192,0,True,False,False
0,192,68,0,True,False,False
0,79,153,0,True,False,False
0,153,79,0,True,False,False
0,79,84,0,True,False,False
0,84,79,0,True,False,False
0,107,111,0,True,False,False
0,111,107,0,True,False,False
0,176,196,0,True,False,False
0,196,176,0,True,False,False
0,67,176,0,True,False,False
0,176,67,0,True,False,False
0,176,130,0,True,False,False
0,130,176,0,True,False,False
0,0,35,0,True,False,False
0,35,0,0,True,False,False
0,88,40,0,True,False,False
0,40,88,0,True,False,False
0,196,99,0,True,False,False
0,99,196,0,True,False,False
0,196,192,0,True,False,False
0,192,196,0,True,False,False
0,15,138,0,True,False,False
0,138,15,0,True,False,False
0,151,165,0,True,False,False
0,165,151,0,True,False,False
0,151,43,0,True,False,False
0,43,151,0,True,False,False
0,90,188,0,True,False,False
0,188,90,0,True,False,False
0,90,149,0,True,False,False
0,149,90,0,True,False,False
0,90,93,0,True,False,False
0,93,90,0,True,False,False
0,90,136,0,True,False,False
0,136,90,0,True,False,False
0,8,141,0,True,False,False
0,141,8,0,True,False,False
0,22,8,0,True,False,False
0,8,22,0,True,False,False
0,188,150,0,True,False,False
0,150,188,0,True,False,False
0,188,129,0,True,False,False
0,129,188,0,True,False,False
0,130,188,0,True,False,False
0,188,130,0,True,False,False
0,212,111,0,True,False,False
0,111,212,0,True,False,False
0,22,212,0,True,False,False
0,212,22,0,True,False,False
0,85,111,0,True,False,False
0,111,85,0,True,False,False
0,1,134,0,True,False,False
0,134,1,0,True,False,False
0,1,74,0,True,False,False
0,74,1,0,True,False,False
0,22,1,0,True,False,False
0,1,22,0,True,False,False
0,36,126,0,True,False,False
0,126,36,0,True,False,False
0,51,126,0,True,False,False
0,126,51,0,True,False,False
0,126,116,0,True,False,False
0,116,126,0,True,False,False
0,178,95,0,True,False,False
0,95,178,0,True,False,False
0,95,80,0,True,False,False
0,80,95,0,True,False,False
0,140,95,0,True,False,False
0,95,140,0,True,False,False
0,130,48,0,True,False,False
0,48,130,0,True,False,False
0,130,42,0,True,False,False
0,42,130,0,True,False,False
0,130,99,0,True,False,False
0,99,130,0,True,False,False
0,100,213,0,True,False,False
0,213,100,0,True,False,False
0,100,112,0,True,False,False
0,112,100,0,True,False,False
0,100,52,0,True,False,False
0,52,100,0,True,False,False
0,192,129,0,True,False,False
0,129,192,0,True,False,False
0,165,3,0,True,False,False
0,3,165,0,True,False,False
0,3,84,0,True,False,False
0,84,3,0,True,False,False
0,3,17,0,True,False,False
0,17,3,0,True,False,False
0,84,143,0,True,False,False
0,143,84,0,True,False,False
0,84,155,0,True,False,False
0,155,84,0,True,False,False
0,129,108,0,True,False,False
0,108,129,0,True,False,False
0,99,129,0,True,False,False
0,129,99,0,True,False,False
0,93,129,0,True,False,False
0,129,93,0,True,False,False
0,48,150,0,True,False,False
0,150,48,0,True,False,False
0,150,108,0,True,False,False
0,108,150,0,True,False,False
0,136,150,0,True,False,False
0,150,136,0,True,False,False
0,165,52,0,True,False,False
0,52,165,0,True,False,False
0,136,120,0,True,False,False
0,120,136,0,True,False,False
0,136,39,0,True,False,False
0,39,136,0,True,False,False
0,112,2,0,True,False,False
0,2,112,0,True,False,False
0,112,17,0,True,False,False
0,17,112,0,True,False,False
0,164,193,0,True,False,False
0,193,164,0,True,False,False
0,42,164,0,True,False,False
0,164,42,0,True,False,False
0,164,99,0,True,False,False
0,99,164,0,True,False,False
0,134,74,0,True,False,False
0,74,134,0,True,False,False
0,114,193,0,True,False,False
0,193,114,0,True,False,False
0,114,127,0,True,False,False
0,127,114,0,True,False,False
0,42,75,0,True,False,False
0,75,42,0,True,False,False
0,42,80,0,True,False,False
0,80,42,0,True,False,False
0,48,159,0,True,False,False
0,159,48,0,True,False,False
0,48,75,0,True,False,False
0,75,48,0,True,False,False
0,93,181,0,True,False,False
0,181,93,0,True,False,False
0,93,39,0,True,False,False
0,39,93,0,True,False,False
0,153,181,0,True,False,False
0,181,153,0,True,False,False
0,153,155,0,True,False,False
0,155,153,0,True,False,False
0,138,213,0,True,False,False
0,213,138,0,True,False,False
0,116,138,0,True,False,False
0,138,116,0,True,False,False
0,210,146,0,True,False,False
0,146,210,0,True,False,False
0,210,155,0,True,False,False
0,155,210,0,True,False,False
0,210,222,0,True,False,False
0,222,210,0,True,False,False
0,43,213,0,True,False,False
0,213,43,0,True,False,False
0,149,181,0,True,False,False
0,181,149,0,True,False,False
0,149,120,0,True,False,False
0,120,149,0,True,False,False
0,149,146,0,True,False,False
0,146,149,0,True,False,False
0,74,141,0,True,False,False
0,141,74,0,True,False,False
0,99,159,0,True,False,False
0,159,99,0,True,False,False
0,2,143,0,True,False,False
0,143,2,0,True,False,False
0,2,222,0,True,False,False
0,222,2,0,True,False,False
0,43,52,0,True,False,False
0,52,43,0,True,False,False
0,52,17,0,True,False,False
0,17,52,0,True,False,False
0,17,143,0,True,False,False
0,143,17,0,True,False,False
0,75,193,0,True,False,False
0,193,75,0,True,False,False
0,75,127,0,True,False,False
0,127,75,0,True,False,False
0,80,127,0,True,False,False
0,127,80,0,True,False,False
0,193,159,0,True,False,False
0,159,193,0,True,False,False
0,115,86,0,True,False,False
0,86,115,0,True,False,False
0,86,49,0,True,False,False
0,49,86,0,True,False,False
0,92,86,0,True,False,False
0,86,92,0,True,False,False
0,113,86,0,True,False,False
0,86,113,0,True,False,False
0,39,108,0,True,False,False
0,108,39,0,True,False,False
0,39,113,0,True,False,False
0,113,39,0,True,False,False
0,181,92,0,True,False,False
0,92,181,0,True,False,False
0,181,113,0,True,False,False
0,113,181,0,True,False,False
0,222,94,0,True,False,False
0,94,222,0,True,False,False
0,222,70,0,True,False,False
0,70,222,0,True,False,False
0,115,7,0,True,False,False
0,7,115,0,True,False,False
0,7,49,0,True,False,False
0,49,7,0,True,False,False
0,70,7,0,True,False,False
0,7,70,0,True,False,False
0,120,115,0,True,False,False
0,115,120,0,True,False,False
0,120,113,0,True,False,False
0,113,120,0,True,False,False
0,146,70,0,True,False,False
0,70,146,0,True,False,False
0,70,187,0,True,False,False
0,187,70,0,True,False,False
0,155,94,0,True,False,False
0,94,155,0,True,False,False
0,155,92,0,True,False,False
0,92,155,0,True,False,False
0,146,92,0,True,False,False
0,92,146,0,True,False,False
0,92,187,0,True,False,False
0,187,92,0,True,False,False
0,146,115,0,True,False,False
0,115,146,0,True,False,False
0,159,108,0,True,False,False
0,108,159,0,True,False,False
0,94,187,0,True,False,False
0,187,94,0,True,False,False
0,187,49,0,True,False,False
0,49,187,0,True,False,False
0,143,94,0,True,False,False
0,94,143,0,True,False,False
0,198,131,0,True,False,False
0,131,198,0,True,False,False
0,97,131,0,True,False,False
0,131,97,0,True,False,False
0,32,131,0,True,False,False
0,131,32,0,True,False,False
0,123,139,0,True,False,False
0,139,123,0,True,False,False
0,32,139,0,True,False,False
0,139,32,0,True,False,False
0,23,76,0,True,False,False
0,76,23,0,True,False,False
0,5,23,0,True,False,False
0,23,5,0,True,False,False
0,201,23,0,True,False,False
0,23,201,0,True,False,False
0,23,140,0,True,False,False
0,140,23,0,True,False,False
0,175,30,0,True,False,False
0,30,175,0,True,False,False
0,14,175,0,True,False,False
0,175,14,0,True,False,False
0,175,168,0,True,False,False
0,168,175,0,True,False,False
0,182,175,0,True,False,False
0,175,182,0,True,False,False
0,30,204,0,True,False,False
0,204,30,0,True,False,False
0,168,204,0,True,False,False
0,204,168,0,True,False,False
0,182,204,0,True,False,False
0,204,182,0,True,False,False
0,6,50,0,True,False,False
0,50,6,0,True,False,False
0,32,50,0,True,False,False
0,50,32,0,True,False,False
0,55,36,0,True,False,False
0,36,55,0,True,False,False
0,71,55,0,True,False,False
0,55,71,0,True,False,False
0,55,16,0,True,False,False
0,16,55,0,True,False,False
0,33,55,0,True,False,False
0,55,33,0,True,False,False
0,195,209,0,True,False,False
0,209,195,0,True,False,False
0,186,209,0,True,False,False
0,209,186,0,True,False,False
0,57,195,0,True,False,False
0,195,57,0,True,False,False
0,195,16,0,True,False,False
0,16,195,0,True,False,False
0,33,195,0,True,False,False
0,195,33,0,True,False,False
0,195,160,0,True,False,False
0,160,195,0,True,False,False
0,144,20,0,True,False,False
0,20,144,0,True,False,False
0,182,20,0,True,False,False
0,20,182,0,True,False,False
0,20,22,0,True,False,False
0,22,20,0,True,False,False
0,137,20,0,True,False,False
0,20,137,0,True,False,False
0,83,20,0,True,False,False
0,20,83,0,True,False,False
0,20,206,0,True,False,False
0,206,20,0,True,False,False
0,154,88,0,True,False,False
0,88,154,0,True,False,False
0,182,154,0,True,False,False
0,154,182,0,True,False,False
0,154,22,0,True,False,False
0,22,154,0,True,False,False
0,137,154,0,True,False,False
0,154,137,0,True,False,False
0,207,163,0,True,False,False
0,163,207,0,True,False,False
0,182,207,0,True,False,False
0,207,182,0,True,False,False
0,207,22,0,True,False,False
0,22,207,0,True,False,False
0,37,207,0,True,False,False
0,207,37,0,True,False,False
0,182,163,0,True,False,False
0,163,182,0,True,False,False
0,163,22,0,True,False,False
0,22,163,0,True,False,False
0,163,103,0,True,False,False
0,103,163,0,True,False,False
0,182,162,0,True,False,False
0,162,182,0,True,False,False
0,162,67,0,True,False,False
0,67,162,0,True,False,False
0,60,162,0,True,False,False
0,162,60,0,True,False,False
0,0,88,0,True,False,False
0,88,0,0,True,False,False
0,182,0,0,True,False,False
0,0,182,0,True,False,False
0,22,0,0,True,False,False
0,0,22,0,True,False,False
0,44,0,0,True,False,False
0,0,44,0,True,False,False
0,182,88,0,True,False,False
0,88,182,0,True,False,False
0,22,88,0,True,False,False
0,88,22,0,True,False,False
0,142,16,0,True,False,False
0,16,142,0,True,False,False
0,59,160,0,True,False,False
0,160,59,0,True,False,False
0,110,178,0,True,False,False
0,178,110,0,True,False,False
0,182,168,0,True,False,False
0,168,182,0,True,False,False
0,60,168,0,True,False,False
0,168,60,0,True,False,False
0,200,83,0,True,False,False
0,83,200,0,True,False,False
0,59,36,0,True,False,False
0,36,59,0,True,False,False
0,64,14,0,True,False,False
0,14,64,0,True,False,False
0,11,14,0,True,False,False
0,14,11,0,True,False,False
0,182,14,0,True,False,False
0,14,182,0,True,False,False
0,69,14,0,True,False,False
0,14,69,0,True,False,False
0,182,60,0,True,False,False
0,60,182,0,True,False,False
0,110,81,0,True,False,False
0,81,110,0,True,False,False
0,201,110,0,True,False,False
0,110,201,0,True,False,False
0,110,140,0,True,False,False
0,140,110,0,True,False,False
0,123,69,0,True,False,False
0,69,123,0,True,False,False
0,198,69,0,True,False,False
0,69,198,0,True,False,False
0,177,69,0,True,False,False
0,69,177,0,True,False,False
0,182,69,0,True,False,False
0,69,182,0,True,False,False
0,123,64,0,True,False,False
0,64,123,0,True,False,False
0,186,64,0,True,False,False
0,64,186,0,True,False,False
0,182,37,0,True,False,False
0,37,182,0,True,False,False
0,37,22,0,True,False,False
0,22,37,0,True,False,False
0,144,206,0,True,False,False
0,206,144,0,True,False,False
0,10,206,0,True,False,False
0,206,10,0,True,False,False
0,22,206,0,True,False,False
0,206,22,0,True,False,False
0,59,51,0,True,False,False
0,51,59,0,True,False,False
0,172,144,0,True,False,False
0,144,172,0,True,False,False
0,144,10,0,True,False,False
0,10,144,0,True,False,False
0,182,144,0,True,False,False
0,144,182,0,True,False,False
0,144,22,0,True,False,False
0,22,144,0,True,False,False
0,18,144,0,False,True,False
0,144,18,0,False,True,False
0,182,137,0,False,True,False
0,137,182,0,False,True,False
0,137,22,0,False,True,False
0,22,137,0,False,True,False
0,182,30,0,False,True,False
0,30,182,0,False,True,False
0,33,59,0,False,True,False
0,59,33,0,False,True,False
0,177,11,0,False,True,False
0,11,177,0,False,True,False
0,142,11,0,False,True,False
0,11,142,0,False,True,False
0,186,11,0,False,True,False
0,11,186,0,False,True,False
0,182,44,0,False,True,False
0,44,182,0,False,True,False
0,44,22,0,False,True,False
0,22,44,0,False,True,False
0,44,103,0,False,True,False
0,103,44,0,False,True,False
0,182,103,0,False,True,False
0,103,182,0,False,True,False
0,103,22,0,False,True,False
0,22,103,0,False,True,False
0,22,10,0,False,True,False
0,10,22,0,False,True,False
0,182,22,0,False,True,False
0,22,182,0,False,True,False
0,18,22,0,False,True,False
0,22,18,0,False,True,False
0,76,61,0,False,True,False
0,61,76,0,False,True,False
0,182,61,0,False,True,False
0,61,182,0,False,True,False
0,61,67,0,False,True,False
0,67,61,0,False,True,False
0,61,81,0,False,True,False
0,81,61,0,False,True,False
0,61,140,0,False,True,False
0,140,61,0,False,True,False
0,182,67,0,False,True,False
0,67,182,0,False,True,False
0,18,10,0,False,True,False
0,10,18,0,False,True,False
0,6,76,0,False,True,False
0,76,6,0,False,True,False
0,97,76,0,False,True,False
0,76,97,0,False,True,False
0,6,81,0,False,True,False
0,81,6,0,False,True,False
0,183,208,0,False,True,False
0,208,183,0,False,True,False
0,208,170,0,False,True,False
0,170,208,0,False,True,False
0,208,72,0,False,True,False
0,72,208,0,False,True,False
0,208,190,0,False,True,False
0,190,208,0,False,True,False
0,205,104,0,False,True,False
0,104,205,0,False,True,False
0,197,205,0,False,True,False
0,205,197,0,False,True,False
0,205,135,0,False,True,False
0,135,205,0,False,True,False
0,41,205,0,False,True,False
0,205,41,0,False,True,False
0,190,104,0,False,True,False
0,104,190,0,False,True,False
0,41,190,0,False,True,False
0,190,41,0,False,True,False
0,190,125,0,False,True,False
0,125,190,0,False,True,False
0,170,104,0,False,True,False
0,104,170,0,False,True,False
0,197,170,0,False,True,False
0,170,197,0,False,True,False
0,170,4,0,False,True,False
0,4,170,0,False,True,False
0,170,105,0,False,True,False
0,105,170,0,False,True,False
0,4,77,0,False,True,False
0,77,4,0,False,True,False
0,4,65,0,False,True,False
0,65,4,0,False,True,False
0,72,4,0,False,True,False
0,4,72,0,False,True,False
0,4,221,0,False,True,False
0,221,4,0,False,True,False
0,125,215,0,False,True,False
0,215,125,0,False,True,False
0,72,125,0,False,True,False
0,125,72,0,False,True,False
0,125,221,0,False,True,False
0,221,125,0,False,True,False
0,26,202,0,False,True,False
0,202,26,0,False,True,False
0,197,26,0,False,True,False
0,26,197,0,False,True,False
0,26,135,0,False,True,False
0,135,26,0,False,True,False
0,26,105,0,False,True,False
0,105,26,0,False,True,False
0,72,180,0,False,True,False
0,180,72,0,False,True,False
0,104,38,0,False,True,False
0,38,104,0,False,True,False
0,104,221,0,False,True,False
0,221,104,0,False,True,False
0,135,38,0,False,True,False
0,38,135,0,False,True,False
0,135,119,0,False,True,False
0,119,135,0,False,True,False
0,180,215,0,False,True,False
0,215,180,0,False,True,False
0,180,77,0,False,False,True
0,77,180,0,False,False,True
0,180,219,0,False,False,True
0,219,180,0,False,False,True
0,105,47,0,False,False,True
0,47,105,0,False,False,True
0,105,38,0,False,False,True
0,38,105,0,False,False,True
0,105,65,0,False,False,True
0,65,105,0,False,False,True
0,202,47,0,False,False,True
0,47,202,0,False,False,True
0,202,173,0,False,False,True
0,173,202,0,False,False,True
0,202,119,0,False,False,True
0,119,202,0,False,False,True
0,183,41,0,False,False,True
0,41,183,0,False,False,True
0,183,197,0,False,False,True
0,197,183,0,False,False,True
0,5,97,0,False,False,True
0,97,5,0,False,False,True
0,173,5,0,False,False,True
0,5,173,0,False,False,True
0,119,5,0,False,False,True
0,5,119,0,False,False,True
0,166,123,0,False,False,True
0,123,166,0,False,False,True
0,166,177,0,False,False,True
0,177,166,0,False,False,True
0,77,166,0,False,False,True
0,166,77,0,False,False,True
0,65,166,0,False,False,True
0,166,65,0,False,False,True
0,166,186,0,False,False,True
0,186,166,0,False,False,True
0,47,29,0,False,False,True
0,29,47,0,False,False,True
0,47,220,0,False,False,True
0,220,47,0,False,False,True
0,47,121,0,False,False,True
0,121,47,0,False,False,True
0,119,220,0,False,False,True
0,220,119,0,False,False,True
0,220,198,0,False,False,True
0,198,220,0,False,False,True
0,38,220,0,False,False,True
0,220,38,0,False,False,True
0,220,182,0,False,False,True
0,182,220,0,False,False,True
0,220,97,0,False,False,True
0,97,220,0,False,False,True
0,77,57,0,False,False,True
0,57,77,0,False,False,True
0,77,200,0,False,False,True
0,200,77,0,False,False,True
0,38,124,0,False,False,True
0,124,38,0,False,False,True
0,38,53,0,False,False,True
0,53,38,0,False,False,True
0,215,200,0,False,False,True
0,200,215,0,False,False,True
0,200,177,0,False,False,True
0,177,200,0,False,False,True
0,200,142,0,False,False,True
0,142,200,0,False,False,True
0,221,200,0,False,False,True
0,200,221,0,False,False,True
0,124,198,0,False,False,True
0,198,124,0,False,False,True
0,124,177,0,False,False,True
0,177,124,0,False,False,True
0,65,124,0,False,False,True
0,124,65,0,False,False,True
0,221,124,0,False,False,True
0,124,221,0,False,False,True
0,173,29,0,False,False,True
0,29,173,0,False,False,True
0,173,201,0,False,False,True
0,201,173,0,False,False,True
0,215,71,0,False,False,True
0,71,215,0,False,False,True
0,29,6,0,False,False,True
0,6,29,0,False,False,True
0,29,97,0,False,False,True
0,97,29,0,False,False,True
0,29,32,0,False,False,True
0,32,29,0,False,False,True
0,219,57,0,False,False,True
0,57,219,0,False,False,True
0,219,71,0,False,False,True
0,71,219,0,False,False,True
0,219,33,0,False,False,True
0,33,219,0,False,False,True
0,57,142,0,False,False,True
0,142,57,0,False,False,True
0,57,186,0,False,False,True
0,186,57,0,False,False,True
0,201,6,0,False,False,True
0,6,201,0,False,False,True
0,71,142,0,False,False,True
0,142,71,0,False,False,True
0,121,32,0,False,False,True
0,32,121,0,False,False,True
0,198,182,0,False,False,True
0,182,198,0,False,False,True
0,121,198,0,False,False,True
0,198,121,0,False,False,True
0,65,121,0,False,False,True
0,121,65,0,False,False,True
0,121,123,0,False,False,True
0,123,121,0,False,False,True
0,221,172,0,False,False,True
0,172,221,0,False,False,True
0,53,18,0,False,False,True
0,18,53,0,False,False,True
0,182,18,0,False,False,True
0,18,182,0,False,False,True
