graph_id,node_id,label,train_mask,val_mask,test_mask,feat_feature_00,feat_feature_01,feat_feature_02,feat_feature_03,feat_feature_04,X,Y,Z
0,0,0,True,False,False,0.0,0.0,0.0,1.0,0.0,27.5,27.0,15.0
0,1,0,True,False,False,0.0,0.0,0.0,1.0,0.0,39.0,12.5,27.0
0,2,0,True,False,False,1.0,0.0,0.0,0.0,0.0,32.5,32.5,4.5
0,3,0,True,False,False,1.0,0.0,0.0,0.0,0.0,27.5,27.5,1.5
0,4,0,True,False,False,1.0,0.0,0.0,0.0,0.0,7.5,7.5,1.5
0,5,0,True,False,False,1.0,0.0,0.0,0.0,0.0,22.5,-2.5,4.5
0,6,0,True,False,False,1.0,0.0,0.0,0.0,0.0,27.5,2.5,1.5
0,7,0,True,False,False,1.0,0.0,0.0,0.0,0.0,47.5,32.5,4.5
0,8,0,True,False,False,0.0,0.0,0.0,1.0,0.0,37.5,1.0,27.0
0,9,0,True,False,False,0.0,1.0,0.0,0.0,0.0,17.5,25.5,9.0
0,10,0,True,False,False,0.0,0.0,0.0,1.0,0.0,9.5,4.0,21.0
0,11,0,True,False,False,1.0,0.0,0.0,0.0,0.0,12.5,17.5,4.5
0,12,0,True,False,False,1.0,0.0,0.0,0.0,0.0,12.5,27.5,1.5
0,13,0,True,False,False,1.0,0.0,0.0,0.0,0.0,7.5,32.5,1.5
0,14,0,True,False,False,1.0,0.0,0.0,0.0,0.0,17.5,17.5,4.5
0,15,0,True,False,False,1.0,0.0,0.0,0.0,0.0,12.5,27.5,4.5
0,16,0,True,False,False,1.0,0.0,0.0,0.0,0.0,7.5,22.5,4.5
0,17,0,True,False,False,1.0,0.0,0.0,0.0,0.0,27.5,32.5,1.5
0,18,0,True,False,False,0.0,0.0,0.0,1.0,0.0,12.5,1.0,15.0
0,19,0,True,False,False,0.0,0.0,0.0,1.0,0.0,40.5,4.0,21.0
0,20,0,True,False,False,0.0,0.0,0.0,1.0,0.0,11.0,12.5,15.0
0,21,0,True,False,False,0.0,0.0,0.0,1.0,0.0,12.5,1.0,27.0
0,22,0,True,False,False,0.0,0.0,0.0,0.0,1.0,25.0,16.5,21.0
0,23,0,True,False,False,1.0,0.0,0.0,0.0,0.0,27.5,-2.5,4.5
0,24,0,True,False,False,0.0,0.0,0.0,1.0,0.0,8.0,15.5,21.0
0,25,0,True,False,False,1.0,0.0,0.0,0.0,0.0,7.5,27.5,4.5
0,26,0,True,False,False,1.0,0.0,0.0,0.0,0.0,12.5,-2.5,1.5
0,27,0,True,False,False,1.0,0.0,0.0,0.0,0.0,27.5,27.5,4.5
0,28,0,True,False,False,1.0,0.0,0.0,0.0,0.0,27.5,7.5,4.5
0,29,0,True,False,False,1.0,0.0,0.0,0.0,0.0,22.5,2.5,1.5
0,30,0,True,False,False,1.0,0.0,0.0,0.0,0.0,22.5,22.5,4.5
0,31,0,True,False,False,0.0,0.0,0.0,1.0,0.0,8.0,15.5,33.0
0,32,0,True,False,False,1.0,0.0,0.0,0.0,0.0,22.5,7.5,1.5
0,33,0,True,False,False,1.0,0.0,0.0,0.0,0.0,2.5,22.5,1.5
0,34,0,True,False,False,1.0,0.0,0.0,0.0,0.0,37.5,2.5,4.5
0,35,0,True,False,False,0.0,1.0,0.0,0.0,0.0,27.5,28.5,9.0
0,36,0,True,False,False,1.0,0.0,0.0,0.0,0.0,2.5,27.5,4.5
0,37,0,True,False,False,0.0,0.0,0.0,1.0,0.0,37.5,1.0,15.0
0,38,0,True,False,False,1.0,0.0,0.0,0.0,0.0,12.5,2.5,4.5
0,39,0,True,False,False,1.0,0.0,0.0,0.0,0.0,47.5,17.5,1.5
0,40,0,True,False,False,0.0,1.0,0.0,0.0,0.0,22.5,28.5,9.0
0,41,0,True,False,False,1.0,0.0,0.0,0.0,0.0,2.5,-2.5,4.5
0,42,0,True,False,False,1.0,0.0,0.0,0.0,0.0,42.5,2.5,4.5
0,43,0,True,False,False,1.0,0.0,0.0,0.0,0.0,17.5,32.5,1.5
0,44,0,True,False,False,0.0,0.0,0.0,1.0,0.0,32.5,24.0,15.0
0,45,0,True,False,False,1.0,0.0,0.0,0.0,0.0,37.5,2.5,1.5
0,46,0,True,False,False,0.0,0.0,0.0,1.0,0.0,9.5,22.0,21.0
0,47,0,True,False,False,1.0,0.0,0.0,0.0,0.0,17.5,2.5,1.5
0,48,0,True,False,False,1.0,0.0,0.0,0.0,0.0,47.5,7.5,4.5
0,49,0,True,False,False,1.0,0.0,0.0,0.0,0.0,47.5,32.5,1.5
0,50,0,True,False,False,1.0,0.0,0.0,0.0,0.0,27.5,7.5,1.5
0,51,0,True,False,False,1.0,0.0,0.0,0.0,0.0,2.5,32.5,1.5
0,52,0,True,False,False,1.0,0.0,0.0,0.0,0.0,22.5,32.5,1.5
0,53,0,True,False,False,0.0,1.0,0.0,0.0,0.0,12.5,2.5,9.0
0,54,0,True,False,False,1.0,0.0,0.0,0.0,0.0,27.5,22.5,1.5
0,55,0,True,False,False,1.0,0.0,0.0,0.0,0.0,2.5,22.5,4.5
0,56,0,True,False,False,0.0,0.0,0.0,1.0,0.0,40.5,22.0,21.0
0,57,0,True,False,False,1.0,0.0,0.0,0.0,0.0,7.5,17.5,1.5
0,58,0,True,False,False,1.0,0.0,0.0,0.0,0.0,22.5,27.5,4.5
0,59,0,True,False,False,1.0,0.0,0.0,0.0,0.0,2.5,27.5,1.5
0,60,0,True,False,False,1.0,0.0,0.0,0.0,0.0,32.5,17.5,4.5
0,61,0,True,False,False,1.0,0.0,0.0,0.0,0.0,32.5,2.5,4.5
0,62,0,True,False,False,1.0,0.0,0.0,0.0,0.0,32.5,7.5,1.5
0,63,0,True,False,False,1.0,0.0,0.0,0.0,0.0,12.5,22.5,4.5
0,64,0,True,False,False,1.0,0.0,0.0,0.0,0.0,17.5,17.5,1.5
0,65,0,True,False,False,1.0,0.0,0.0,0.0,0.0,12.5,7.5,1.5
0,66,0,True,False,False,1.0,0.0,0.0,0.0,0.0,22.5,22.5,1.5
0,67,0,True,False,False,1.0,0.0,0.0,0.0,0.0,32.5,7.5,4.5
0,68,0,True,False,False,1.0,0.0,0.0,0.0,0.0,32.5,12.5,1.5
0,69,0,True,False,False,1.0,0.0,0.0,0.0,0.0,17.5,12.5,4.5
0,70,0,True,False,False,1.0,0.0,0.0,0.0,0.0,42.5,32.5,4.5
0,71,0,True,False,False,1.0,0.0,0.0,0.0,0.0,2.5,17.5,4.5
0,72,0,True,False,False,1.0,0.0,0.0,0.0,0.0,2.5,7.5,1.5
0,73,0,True,False,False,1.0,0.0,0.0,0.0,0.0,17.5,22.5,1.5
0,74,0,True,False,False,0.0,0.0,0.0,1.0,0.0,42.0,10.5,33.0
0,75,0,True,False,False,1.0,0.0,0.0,0.0,0.0,47.5,2.5,4.5
0,76,0,True,False,False,1.0,0.0,0.0,0.0,0.0,27.5,2.5,4.5
0,77,0,True,False,False,1.0,0.0,0.0,0.0,0.0,7.5,12.5,1.5
0,78,0,True,False,False,0.0,0.0,0.0,1.0,0.0,11.0,7.5,27.0
0,79,0,True,False,False,1.0,0.0,0.0,0.0,0.0,32.5,22.5,1.5
0,80,0,True,False,False,1.0,0.0,0.0,0.0,0.0,42.5,-2.5,4.5
0,81,0,True,False,False,1.0,0.0,0.0,0.0,0.0,32.5,2.5,1.5
0,82,0,True,False,False,1.0,0.0,0.0,0.0,0.0,17.5,27.5,4.5
0,83,0,True,False,False,0.0,1.0,0.0,0.0,0.0,9.5,12.5,9.0
0,84,0,True,False,False,1.0,0.0,0.0,0.0,0.0,32.5,27.5,1.5
0,85,0,True,False,False,0.0,0.0,0.0,1.0,0.0,22.5,29.0,33.0
0,86,0,True,False,False,1.0,0.0,0.0,0.0,0.0,47.5,27.5,1.5
0,87,0,True,False,False,1.0,0.0,0.0,0.0,0.0,37.5,17.5,4.5
0,88,0,True,False,False,0.0,0.0,0.0,1.0,0.0,22.5,27.0,15.0
0,89,0,True,False,False,0.0,0.0,0.0,1.0,0.0,12.5,19.0,27.0
0,90,0,True,False,False,1.0,0.0,0.0,0.0,0.0,42.5,17.5,4.5
0,91,0,True,False,False,1.0,0.0,0.0,0.0,0.0,27.5,12.5,1.5
0,92,0,True,False,False,1.0,0.0,0.0,0.0,0.0,42.5,27.5,1.5
0,93,0,True,False,False,1.0,0.0,0.0,0.0,0.0,42.5,17.5,1.5
0,94,0,True,False,False,1.0,0.0,0.0,0.0,0.0,37.5,32.5,1.5
0,95,0,True,False,False,1.0,0.0,0.0,0.0,0.0,37.5,-2.5,4.5
0,96,0,True,False,False,0.0,1.0,0.0,0.0,0.0,32.5,25.5,9.0
0,97,0,True,False,False,1.0,0.0,0.0,0.0,0.0,22.5,2.5,4.5
0,98,0,True,False,False,0.0,0.0,0.0,1.0,0.0,39.0,7.5,27.0
0,99,0,True,False,False,1.0,0.0,0.0,0.0,0.0,42.5,7.5,1.5
0,100,0,True,False,False,1.0,0.0,0.0,0.0,0.0,22.5,32.5,4.5
0,101,0,True,False,False,0.0,0.0,0.0,1.0,0.0,9.5,4.0,33.0
0,102,0,True,False,False,1.0,0.0,0.0,0.0,0.0,37.5,22.5,4.5
0,103,0,True,False,False,0.0,0.0,0.0,1.0,0.0,37.5,19.0,15.0
0,104,0,True,False,False,1.0,0.0,0.0,0.0,0.0,7.5,2.5,4.5
0,105,0,True,False,False,1.0,0.0,0.0,0.0,0.0,12.5,2.5,1.5
0,106,0,True,False,False,0.0,0.0,0.0,1.0,0.0,8.0,10.5,33.0
0,107,0,True,False,False,0.0,0.0,0.0,1.0,0.0,34.0,27.5,33.0
0,108,0,True,False,False,1.0,0.0,0.0,0.0,0.0,47.5,12.5,1.5
0,109,0,True,False,False,0.0,0.0,0.0,1.0,0.0,42.0,10.5,21.0
0,110,0,True,False,False,1.0,0.0,0.0,0.0,0.0,32.5,-2.5,1.5
0,111,0,True,False,False,0.0,0.0,0.0,1.0,0.0,27.5,29.0,33.0
0,112,0,True,False,False,1.0,0.0,0.0,0.0,0.0,27.5,32.5,4.5
0,113,0,True,False,False,1.0,0.0,0.0,0.0,0.0,47.5,22.5,1.5
0,114,0,True,False,False,1.0,0.0,0.0,0.0,0.0,47.5,-2.5,1.5
0,115,0,True,False,False,1.0,0.0,0.0,0.0,0.0,47.5,27.5,4.5
0,116,0,True,False,False,1.0,0.0,0.0,0.0,0.0,7.5,32.5,4.5
0,117,0,True,False,False,1.0,0.0,0.0,0.0,0.0,17.5,22.5,4.5
0,118,0,True,False,False,0.0,1.0,0.0,0.0,0.0,12.5,17.5,9.0
0,119,0,True,False,False,1.0,0.0,0.0,0.0,0.0,17.5,-2.5,4.5
0,120,0,True,False,False,1.0,0.0,0.0,0.0,0.0,47.5,22.5,4.5
0,121,0,True,False,False,1.0,0.0,0.0,0.0,0.0,17.5,7.5,1.5
0,122,0,True,False,False,0.0,0.0,0.0,1.0,0.0,42.0,15.5,21.0
0,123,0,True,False,False,1.0,0.0,0.0,0.0,0.0,17.5,12.5,1.5
0,124,0,True,False,False,1.0,0.0,0.0,0.0,0.0,12.5,7.5,4.5
0,125,0,True,False,False,1.0,0.0,0.0,0.0,0.0,2.5,7.5,4.5
0,126,0,True,False,False,1.0,0.0,0.0,0.0,0.0,2.5,32.5,4.5
0,127,0,True,False,False,1.0,0.0,0.0,0.0,0.0,47.5,-2.5,4.5
0,128,0,True,False,False,1.0,0.0,0.0,0.0,0.0,12.5,32.5,1.5
0,129,0,True,False,False,1.0,0.0,0.0,0.0,0.0,42.5,12.5,1.5
0,130,0,True,False,False,1.0,0.0,0.0,0.0,0.0,42.5,7.5,4.5
0,131,0,True,False,False,1.0,0.0,0.0,0.0,0.0,22.5,7.5,4.5
0,132,0,True,False,False,1.0,0.0,0.0,0.0,0.0,32.5,27.5,4.5
0,133,0,True,False,False,0.0,0.0,0.0,1.0,0.0,17.5,24.0,27.0
0,134,0,True,False,False,0.0,0.0,0.0,1.0,0.0,42.0,15.5,33.0
0,135,0,True,False,False,1.0,0.0,0.0,0.0,0.0,12.5,-2.5,4.5
0,136,0,True,False,False,1.0,0.0,0.0,0.0,0.0,47.5,17.5,4.5
0,137,0,True,False,False,0.0,0.0,0.0,1.0,0.0,12.5,19.0,15.0
0,138,0,True,False,False,1.0,0.0,0.0,0.0,0.0,12.5,32.5,4.5
0,139,0,True,False,False,1.0,0.0,0.0,0.0,0.0,22.5,12.5,1.5
0,140,0,True,False,False,1.0,0.0,0.0,0.0,0.0,32.5,-2.5,4.5
0,141,0,True,False,False,0.0,0.0,0.0,1.0,0.0,40.5,4.0,33.0
0,142,0,True,False,False,1.0,0.0,0.0,0.0,0.0,7.5,17.5,4.5
0,143,0,True,False,False,1.0,0.0,0.0,0.0,0.0,32.5,32.5,1.5
0,144,0,True,False,False,0.0,0.0,0.0,1.0,0.0,11.0,7.5,15.0
0,145,0,True,False,False,0.0,0.0,0.0,1.0,0.0,11.0,12.5,27.0
0,146,0,True,False,False,1.0,0.0,0.0,0.0,0.0,42.5,27.5,4.5
0,147,0,True,False,False,1.0,0.0,0.0,0.0,0.0,32.5,17.5,1.5
0,148,0,True,False,False,1.0,0.0,0.0,0.0,0.0,32.5,22.5,4.5
0,149,0,True,False,False,1.0,0.0,0.0,0.0,0.0,42.5,22.5,4.5
0,150,0,True,False,False,1.0,0.0,0.0,0.0,0.0,47.5,12.5,4.5
0,151,0,True,False,False,1.0,0.0,0.0,0.0,0.0,17.5,27.5,1.5
0,152,0,True,False,False,0.0,1.0,0.0,0.0,0.0,40.5,7.5,9.0
0,153,0,True,False,False,1.0,0.0,0.0,0.0,0.0,37.5,22.5,1.5
0,154,0,True,False,False,0.0,0.0,0.0,1.0,0.0,17.5,24.0,15.0
0,155,0,True,False,False,1.0,0.0,0.0,0.0,0.0,37.5,27.5,1.5
0,156,0,True,False,False,1.0,0.0,0.0,0.0,0.0,37.5,17.5,1.5
0,157,0,True,False,False,1.0,0.0,0.0,0.0,0.0,22.5,17.5,1.5
0,158,0,True,False,False,0.0,1.0,0.0,0.0,0.0,37.5,17.5,9.0
0,159,0,True,False,False,1.0,0.0,0.0,0.0,0.0,47.5,7.5,1.5
0,160,0,True,False,False,1.0,0.0,0.0,0.0,0.0,7.5,27.5,1.5
0,161,0,True,False,False,1.0,0.0,0.0,0.0,0.0,27.5,17.5,1.5
0,162,0,True,False,False,1.0,0.0,0.0,0.0,0.0,32.5,12.5,4.5
0,163,0,True,False,False,0.0,0.0,0.0,1.0,0.0,39.0,12.5,15.0
0,164,0,True,False,False,1.0,0.0,0.0,0.0,0.0,42.5,2.5,1.5
0,165,0,True,False,False,1.0,0.0,0.0,0.0,0.0,22.5,27.5,1.5
0,166,0,True,False,False,1.0,0.0,0.0,0.0,0.0,12.5,12.5,1.5
0,167,0,True,False,False,0.0,0.0,0.0,1.0,0.0,27.5,29.0,21.0
0,168,0,True,False,False,1.0,0.0,0.0,0.0,0.0,27.5,17.5,4.5
0,169,0,True,False,False,0.0,0.0,0.0,1.0,0.0,16.0,27.5,21.0
0,170,0,True,False,False,1.0,0.0,0.0,0.0,0.0,7.5,2.5,1.5
0,171,0,True,False,False,1.0,0.0,0.0,0.0,0.0,37.5,12.5,4.5
0,172,0,True,False,False,0.0,1.0,0.0,0.0,0.0,9.5,7.5,9.0
0,173,0,True,False,False,1.0,0.0,0.0,0.0,0.0,22.5,-2.5,1.5
0,174,0,True,False,False,1.0,0.0,0.0,0.0,0.0,22.5,12.5,4.5
0,175,0,True,False,False,1.0,0.0,0.0,0.0,0.0,22.5,17.5,4.5
0,176,0,True,False,False,1.0,0.0,0.0,0.0,0.0,37.5,7.5,4.5
0,177,0,True,False,False,1.0,0.0,0.0,0.0,0.0,12.5,12.5,4.5
0,178,0,True,False,False,1.0,0.0,0.0,0.0,0.0,37.5,-2.5,1.5
0,179,0,False,True,False,0.0,0.0,0.0,1.0,0.0,16.0,27.5,33.0
0,180,0,False,True,False,1.0,0.0,0.0,0.0,0.0,2.5,12.5,1.5
0,181,0,False,True,False,1.0,0.0,0.0,0.0,0.0,42.5,22.5,1.5
0,182,0,False,True,False,0.0,0.0,0.0,0.0,1.0,25.0,13.65625,12.0
0,183,0,False,True,False,1.0,0.0,0.0,0.0,0.0,2.5,-2.5,1.5
0,184,0,False,True,False,0.0,1.0,0.0,0.0,0.0,37.5,2.5,9.0
0,185,0,False,True,False,1.0,0.0,0.0,0.0,0.0,42.5,-2.5,1.5
0,186,0,False,True,False,1.0,0.0,0.0,0.0,0.0,12.5,17.5,1.5
0,187,0,False,True,False,1.0,0.0,0.0,0.0,0.0,42.5,32.5,1.5
0,188,0,False,True,False,1.0,0.0,0.0,0.0,0.0,42.5,12.5,4.5
0,189,0,False,True,False,0.0,0.0,0.0,1.0,0.0,9.5,22.0,33.0
0,190,0,False,True,False,1.0,0.0,0.0,0.0,0.0,2.5,2.5,4.5
0,191,0,False,True,False,0.0,0.0,0.0,1.0,0.0,22.5,27.0,27.0
0,192,0,False,True,False,1.0,0.0,0.0,0.0,0.0,37.5,12.5,1.5
0,193,0,False,True,False,1.0,0.0,0.0,0.0,0.0,47.5,2.5,1.5
0,194,0,False,True,False,0.0,0.0,0.0,1.0,0.0,40.5,22.0,33.0
0,195,0,False,True,False,1.0,0.0,0.0,0.0,0.0,7.5,22.5,1.5
0,196,0,False,True,False,1.0,0.0,0.0,0.0,0.0,37.5,7.5,1.5
0,197,0,False,True,False,1.0,0.0,0.0,0.0,0.0,7.5,-2.5,1.5
0,198,0,False,True,False,1.0,0.0,0.0,0.0,0.0,17.5,7.5,4.5
0,199,0,False,True,False,0.0,0.0,0.0,1.0,0.0,22.5,29.0,21.0
0,200,0,False,True,False,1.0,0.0,0.0,0.0,0.0,7.5,12.5,4.5
0,201,0,False,False,True,1.0,0.0,0.0,0.0,0.0,27.5,-2.5,1.5
0,202,0,False,False,True,1.0,0.0,0.0,0.0,0.0,17.5,-2.5,1.5
0,203,0,False,False,True,0.0,1.0,0.0,0.0,0.0,40.5,12.5,9.0
0,204,0,False,False,True,1.0,0.0,0.0,0.0,0.0,27.5,22.5,4.5
0,205,0,False,False,True,1.0,0.0,0.0,0.0,0.0,7.5,-2.5,4.5
0,206,0,False,False,True,0.0,0.0,0.0,1.0,0.0,8.0,10.5,21.0
0,207,0,False,False,True,0.0,0.0,0.0,1.0,0.0,39.0,7.5,15.0
0,208,0,False,False,True,1.0,0.0,0.0,0.0,0.0,2.5,2.5,1.5
0,209,0,False,False,True,1.0,0.0,0.0,0.0,0.0,12.5,22.5,1.5
0,210,0,False,False,True,1.0,0.0,0.0,0.0,0.0,37.5,27.5,4.5
0,211,0,False,False,True,0.0,0.0,0.0,1.0,0.0,32.5,24.0,27.0
0,212,0,False,False,True,0.0,0.0,0.0,1.0,0.0,27.5,27.0,27.0
0,213,0,False,False,True,1.0,0.0,0.0,0.0,0.0,17.5,32.5,4.5
0,214,0,False,False,True,0.0,0.0,0.0,1.0,0.0,34.0,27.5,21.0
0,215,0,False,False,True,1.0,0.0,0.0,0.0,0.0,2.5,12.5,4.5
0,216,0,False,False,True,1.0,0.0,0.0,0.0,0.0,27.5,12.5,4.5
0,217,0,False,False,True,0.0,0.0,0.0,0.0,1.0,25.0,13.65625,27.0
0,218,0,False,False,True,0.0,0.0,0.0,0.0,1.0,25.0,16.5,33.0
0,219,0,False,False,True,1.0,0.0,0.0,0.0,0.0,2.5,17.5,1.5
0,220,0,False,False,True,1.0,0.0,0.0,0.0,0.0,17.5,2.5,4.5
0,221,0,False,False,True,1.0,0.0,0.0,0.0,0.0,7.5,7.5,4.5
0,222,0,False,False,True,1.0,0.0,0.0,0.0,0.0,37.5,32.5,4.5
0,223,0,False,False,True,0.0,0.0,0.0,1.0,0.0,37.5,19.0,27.0
